LR,LDA,QDA,"Bagged
Neural Network"
0.594310712,0.591601651,0.586530141,0.62
0.504408028,0.499668676,0.555758221,0.506