LR,LDA,QDA,"Bagged
Neural Network"
0.598413415,0.597547319,0.581029991,0.61
0.605820868,0.606677592,0.60295252,0.637