LR,LDA,QDA
0.605773552114844,0.6075378560926514,0.5877003875946205
0.5464758617043564,0.5470301767684368,0.5733803172705818
