LR,LDA,QDA
0.6032629920886984,0.6038188707060241,0.5858639047850304
0.6259427711168052,0.6274445050607358,0.6253760653658615
